COMPANY,ADDRESS,PHONE,EMAIL
Delicious Delights,"123 Yummy Street, Tastyville",555-1234,info@deliciousdelights.com
Cheesy Treats Emporium,"456 Cheese Avenue, Flavor City",555-5678,info@cheesyemporium.com
Gourmet Goodies Ltd,"789 Epicurean Lane, Culinary Town, CT12 3AB",555-9876,enquiries@gourmetgoodies.com
Sweet Sensations,"321 Dessert Drive, Sugartown",555-4321,sweets@sweet-sensations.co.uk
Savory Selections,"555 Savory Square, Flavorville",555-8765,selections@savory.com
Culinary Corner,"789 Tasty Trail, Gastronomy Gardens",555-2345,info@culinarycorner.co.uk
The Food Fusion,"101 Fusion Avenue, Flavor City",555-6789,fusion@foodfusion.com
Flavorful Finds,"555 Epicure Expressway, Tasteland",555-3456,finds@flavorful.com
Tasty Temptations Ltd,"987 Tempting Terrace, Culinary Town, CT12 3CD",555-7654,temptations@tasty.com
Gourmet Delights,"555 Delight Drive, Flavorville",555-2109,delights@gourmetdelights.co.uk
Epicurean Eats,"123 Epicurean Enclave, Tasteland",555-7890,eats@epicurean.com
Culinary Creations Ltd,"456 Creation Court, Culinary Town, CT12 3DE",555-3210,creations@culinary.com
Sweets & Treats,"555 Dessert Drive, Sugartown",555-6543,sweets@sweetsandtreats.co.uk
Flavor Fusion,"789 Fusion Street, Flavor City",555-1098,fusion@flavorfusion.com
Tempting Tastes,"555 Temptation Trail, Tasteland",555-4321,tastes@tempting.com
Gastronomic Goodies Ltd,"987 Gastronomy Gardens, Culinary Town, CT12 3EF",555-8765,goodies@gastronomic.com
Dessert Delights,"555 Delight Drive, Sugartown",555-2109,delights@dessertdelights.co.uk
Savory Sensations,"123 Savory Street, Flavorville",555-9876,sensations@savory.com
The Culinary Corner,"456 Culinary Court, Culinary Town, CT12 3FG",555-6543,corner@culinarycorner.co.uk
Tasty Treats Ltd,"555 Tasty Terrace, Tasteland",555-3210,treats@tasty.com
Flavorful Foods,"789 Flavorful Lane, Flavor City",555-5432,info@flavorfulfoods.co.uk
Epicurean Express,"555 Epicurean Enclave, Tasteland",555-8765,express@epicurean.com
Culinary Creations,"123 Creation Court, Culinary Town, CT12 3GH",555-4321,creations@culinarycreations.co.uk
Sweet & Savory,"456 Sweet Street, Flavorville",555-1098,sweetandsavory@sweet.com
Gourmet Gourmet Ltd,"555 Gourmet Gardens, Culinary Town, CT12 3HI",555-7890,gourmet@gourmetgourmet.com
Delicious Desserts,"789 Dessert Drive, Sugartown",555-2109,info@deliciousdesserts.co.uk
Savory Snacks,"555 Savory Street, Flavorville",555-5432,snacks@savory.com
The Tasty Terrace,"123 Tasty Trail, Tasteland",555-3210,terrace@tastyterrace.co.uk